"filename", "language", "JavaScript", "Django HTML", "PHP", "CSS", "SCSS", "JSON", "vue", "Markdown", "XML", "Django txt", "YAML", "comment", "blank", "total"
"c:\laragon\www\bazrasi\.gitbook.yaml", "YAML", 0, 0, 0, 0, 0, 0, 0, 0, 0, 0, 1, 0, 1, 2
"c:\laragon\www\bazrasi\.styleci.yml", "YAML", 0, 0, 0, 0, 0, 0, 0, 0, 0, 0, 16, 0, 1, 17
"c:\laragon\www\bazrasi\app\Activity.php", "PHP", 0, 0, 19, 0, 0, 0, 0, 0, 0, 0, 0, 28, 6, 53
"c:\laragon\www\bazrasi\app\Console\Kernel.php", "PHP", 0, 0, 17, 0, 0, 0, 0, 0, 0, 0, 0, 19, 7, 43
"c:\laragon\www\bazrasi\app\CustomField.php", "PHP", 0, 0, 35, 0, 0, 0, 0, 0, 0, 0, 0, 33, 12, 80
"c:\laragon\www\bazrasi\app\DataTables\CustomFieldDataTable.php", "PHP", 0, 0, 51, 0, 0, 0, 0, 0, 0, 0, 0, 27, 9, 87
"c:\laragon\www\bazrasi\app\DataTables\FileTypeDataTable.php", "PHP", 0, 0, 52, 0, 0, 0, 0, 0, 0, 0, 0, 27, 9, 88
"c:\laragon\www\bazrasi\app\DataTables\SettingDataTable.php", "PHP", 0, 0, 47, 0, 0, 0, 0, 0, 0, 0, 0, 27, 10, 84
"c:\laragon\www\bazrasi\app\DataTables\TagDataTable.php", "PHP", 0, 0, 58, 0, 0, 0, 0, 0, 0, 0, 0, 27, 9, 94
"c:\laragon\www\bazrasi\app\DataTables\UserDataTable.php", "PHP", 0, 0, 56, 0, 0, 0, 0, 0, 0, 0, 0, 27, 8, 91
"c:\laragon\www\bazrasi\app\Document.php", "PHP", 0, 0, 69, 0, 0, 0, 0, 0, 0, 0, 0, 56, 15, 140
"c:\laragon\www\bazrasi\app\Exceptions\Handler.php", "PHP", 0, 0, 21, 0, 0, 0, 0, 0, 0, 0, 0, 24, 7, 52
"c:\laragon\www\bazrasi\app\File.php", "PHP", 0, 0, 39, 0, 0, 0, 0, 0, 0, 0, 0, 55, 11, 105
"c:\laragon\www\bazrasi\app\FileType.php", "PHP", 0, 0, 38, 0, 0, 0, 0, 0, 0, 0, 0, 37, 13, 88
"c:\laragon\www\bazrasi\app\Http\Controllers\AppBaseController.php", "PHP", 0, 0, 19, 0, 0, 0, 0, 0, 0, 0, 0, 11, 6, 36
"c:\laragon\www\bazrasi\app\Http\Controllers\Auth\ConfirmPasswordController.php", "PHP", 0, 0, 13, 0, 0, 0, 0, 0, 0, 0, 0, 20, 7, 40
"c:\laragon\www\bazrasi\app\Http\Controllers\Auth\ForgotPasswordController.php", "PHP", 0, 0, 8, 0, 0, 0, 0, 0, 0, 0, 0, 10, 5, 23
"c:\laragon\www\bazrasi\app\Http\Controllers\Auth\LoginController.php", "PHP", 0, 0, 17, 0, 0, 0, 0, 0, 0, 0, 0, 20, 10, 47
"c:\laragon\www\bazrasi\app\Http\Controllers\Auth\RegisterController.php", "PHP", 0, 0, 37, 0, 0, 0, 0, 0, 0, 0, 0, 32, 11, 80
"c:\laragon\www\bazrasi\app\Http\Controllers\Auth\ResetPasswordController.php", "PHP", 0, 0, 9, 0, 0, 0, 0, 0, 0, 0, 0, 15, 6, 30
"c:\laragon\www\bazrasi\app\Http\Controllers\Auth\VerificationController.php", "PHP", 0, 0, 15, 0, 0, 0, 0, 0, 0, 0, 0, 20, 7, 42
"c:\laragon\www\bazrasi\app\Http\Controllers\Controller.php", "PHP", 0, 0, 10, 0, 0, 0, 0, 0, 0, 0, 0, 0, 4, 14
"c:\laragon\www\bazrasi\app\Http\Controllers\CustomFieldController.php", "PHP", 0, 0, 83, 0, 0, 0, 0, 0, 0, 0, 0, 48, 31, 162
"c:\laragon\www\bazrasi\app\Http\Controllers\DocumentController.php", "PHP", 0, 0, 263, 0, 0, 0, 0, 0, 0, 0, 0, 56, 38, 357
"c:\laragon\www\bazrasi\app\Http\Controllers\FileTypeController.php", "PHP", 0, 0, 80, 0, 0, 0, 0, 0, 0, 0, 0, 48, 31, 159
"c:\laragon\www\bazrasi\app\Http\Controllers\HomeController.php", "PHP", 0, 0, 144, 0, 0, 0, 0, 0, 0, 0, 0, 19, 14, 177
"c:\laragon\www\bazrasi\app\Http\Controllers\ReportController.php", "PHP", 0, 0, 93, 0, 0, 0, 0, 0, 0, 0, 0, 5, 12, 110
"c:\laragon\www\bazrasi\app\Http\Controllers\SettingController.php", "PHP", 0, 0, 86, 0, 0, 0, 0, 0, 0, 0, 0, 48, 31, 165
"c:\laragon\www\bazrasi\app\Http\Controllers\TagController.php", "PHP", 0, 0, 108, 0, 0, 0, 0, 0, 0, 0, 0, 53, 30, 191
"c:\laragon\www\bazrasi\app\Http\Controllers\UserController.php", "PHP", 0, 0, 140, 0, 0, 0, 0, 0, 0, 0, 0, 58, 34, 232
"c:\laragon\www\bazrasi\app\Http\Kernel.php", "PHP", 0, 0, 49, 0, 0, 0, 0, 0, 0, 0, 0, 27, 8, 84
"c:\laragon\www\bazrasi\app\Http\Middleware\Authenticate.php", "PHP", 0, 0, 12, 0, 0, 0, 0, 0, 0, 0, 0, 6, 4, 22
"c:\laragon\www\bazrasi\app\Http\Middleware\CheckBlock.php", "PHP", 0, 0, 14, 0, 0, 0, 0, 0, 0, 0, 0, 7, 4, 25
"c:\laragon\www\bazrasi\app\Http\Middleware\CheckForMaintenanceMode.php", "PHP", 0, 0, 8, 0, 0, 0, 0, 0, 0, 0, 0, 6, 4, 18
"c:\laragon\www\bazrasi\app\Http\Middleware\EncryptCookies.php", "PHP", 0, 0, 8, 0, 0, 0, 0, 0, 0, 0, 0, 6, 4, 18
"c:\laragon\www\bazrasi\app\Http\Middleware\RedirectIfAuthenticated.php", "PHP", 0, 0, 14, 0, 0, 0, 0, 0, 0, 0, 0, 8, 5, 27
"c:\laragon\www\bazrasi\app\Http\Middleware\TrimStrings.php", "PHP", 0, 0, 10, 0, 0, 0, 0, 0, 0, 0, 0, 5, 4, 19
"c:\laragon\www\bazrasi\app\Http\Middleware\TrustProxies.php", "PHP", 0, 0, 9, 0, 0, 0, 0, 0, 0, 0, 0, 10, 5, 24
"c:\laragon\www\bazrasi\app\Http\Middleware\VerifyCsrfToken.php", "PHP", 0, 0, 9, 0, 0, 0, 0, 0, 0, 0, 0, 11, 5, 25
"c:\laragon\www\bazrasi\app\Http\Requests\CreateCustomFieldRequest.php", "PHP", 0, 0, 15, 0, 0, 0, 0, 0, 0, 0, 0, 10, 6, 31
"c:\laragon\www\bazrasi\app\Http\Requests\CreateDocumentRequest.php", "PHP", 0, 0, 27, 0, 0, 0, 0, 0, 0, 0, 0, 15, 7, 49
"c:\laragon\www\bazrasi\app\Http\Requests\CreateFileTypeRequest.php", "PHP", 0, 0, 15, 0, 0, 0, 0, 0, 0, 0, 0, 10, 6, 31
"c:\laragon\www\bazrasi\app\Http\Requests\CreateFilesRequest.php", "PHP", 0, 0, 54, 0, 0, 0, 0, 0, 0, 0, 0, 17, 9, 80
"c:\laragon\www\bazrasi\app\Http\Requests\CreateSettingRequest.php", "PHP", 0, 0, 15, 0, 0, 0, 0, 0, 0, 0, 0, 10, 6, 31
"c:\laragon\www\bazrasi\app\Http\Requests\CreateTagRequest.php", "PHP", 0, 0, 21, 0, 0, 0, 0, 0, 0, 0, 0, 10, 7, 38
"c:\laragon\www\bazrasi\app\Http\Requests\CreateUserRequest.php", "PHP", 0, 0, 15, 0, 0, 0, 0, 0, 0, 0, 0, 10, 6, 31
"c:\laragon\www\bazrasi\app\Http\Requests\UpdateCustomFieldRequest.php", "PHP", 0, 0, 16, 0, 0, 0, 0, 0, 0, 0, 0, 10, 7, 33
"c:\laragon\www\bazrasi\app\Http\Requests\UpdateDocumentRequest.php", "PHP", 0, 0, 27, 0, 0, 0, 0, 0, 0, 0, 0, 15, 7, 49
"c:\laragon\www\bazrasi\app\Http\Requests\UpdateFileTypeRequest.php", "PHP", 0, 0, 16, 0, 0, 0, 0, 0, 0, 0, 0, 10, 7, 33
"c:\laragon\www\bazrasi\app\Http\Requests\UpdateProfileRequest.php", "PHP", 0, 0, 33, 0, 0, 0, 0, 0, 0, 0, 0, 10, 5, 48
"c:\laragon\www\bazrasi\app\Http\Requests\UpdateSettingRequest.php", "PHP", 0, 0, 16, 0, 0, 0, 0, 0, 0, 0, 0, 10, 7, 33
"c:\laragon\www\bazrasi\app\Http\Requests\UpdateTagRequest.php", "PHP", 0, 0, 22, 0, 0, 0, 0, 0, 0, 0, 0, 10, 7, 39
"c:\laragon\www\bazrasi\app\Http\Requests\UpdateUserRequest.php", "PHP", 0, 0, 19, 0, 0, 0, 0, 0, 0, 0, 0, 10, 7, 36
"c:\laragon\www\bazrasi\app\Http\helper.php", "PHP", 0, 0, 103, 0, 0, 0, 0, 0, 0, 0, 0, 52, 15, 170
"c:\laragon\www\bazrasi\app\Observers\FileObserver.php", "PHP", 0, 0, 27, 0, 0, 0, 0, 0, 0, 0, 0, 33, 8, 68
"c:\laragon\www\bazrasi\app\Policies\DocumentPolicy.php", "PHP", 0, 0, 135, 0, 0, 0, 0, 0, 0, 0, 0, 71, 35, 241
"c:\laragon\www\bazrasi\app\Policies\TagPolicy.php", "PHP", 0, 0, 49, 0, 0, 0, 0, 0, 0, 0, 0, 33, 10, 92
"c:\laragon\www\bazrasi\app\Policies\UserPolicy.php", "PHP", 0, 0, 48, 0, 0, 0, 0, 0, 0, 0, 0, 33, 9, 90
"c:\laragon\www\bazrasi\app\Providers\AppServiceProvider.php", "PHP", 0, 0, 28, 0, 0, 0, 0, 0, 0, 0, 0, 15, 7, 50
"c:\laragon\www\bazrasi\app\Providers\AuthServiceProvider.php", "PHP", 0, 0, 20, 0, 0, 0, 0, 0, 0, 0, 0, 11, 6, 37
"c:\laragon\www\bazrasi\app\Providers\BroadcastServiceProvider.php", "PHP", 0, 0, 12, 0, 0, 0, 0, 0, 0, 0, 0, 5, 5, 22
"c:\laragon\www\bazrasi\app\Providers\EventServiceProvider.php", "PHP", 0, 0, 18, 0, 0, 0, 0, 0, 0, 0, 0, 11, 6, 35
"c:\laragon\www\bazrasi\app\Providers\RouteServiceProvider.php", "PHP", 0, 0, 30, 0, 0, 0, 0, 0, 0, 0, 0, 33, 11, 74
"c:\laragon\www\bazrasi\app\Repositories\BaseRepository.php", "PHP", 0, 0, 87, 0, 0, 0, 0, 0, 0, 0, 0, 84, 33, 204
"c:\laragon\www\bazrasi\app\Repositories\CustomFieldRepository.php", "PHP", 0, 0, 26, 0, 0, 0, 0, 0, 0, 0, 0, 16, 8, 50
"c:\laragon\www\bazrasi\app\Repositories\DocumentRepository.php", "PHP", 0, 0, 144, 0, 0, 0, 0, 0, 0, 0, 0, 26, 22, 192
"c:\laragon\www\bazrasi\app\Repositories\FileTypeRepository.php", "PHP", 0, 0, 22, 0, 0, 0, 0, 0, 0, 0, 0, 16, 7, 45
"c:\laragon\www\bazrasi\app\Repositories\PermissionRepository.php", "PHP", 0, 0, 158, 0, 0, 0, 0, 0, 0, 0, 0, 24, 20, 202
"c:\laragon\www\bazrasi\app\Repositories\SettingRepository.php", "PHP", 0, 0, 19, 0, 0, 0, 0, 0, 0, 0, 0, 16, 7, 42
"c:\laragon\www\bazrasi\app\Repositories\TagRepository.php", "PHP", 0, 0, 34, 0, 0, 0, 0, 0, 0, 0, 0, 18, 9, 61
"c:\laragon\www\bazrasi\app\Repositories\UserRepository.php", "PHP", 0, 0, 24, 0, 0, 0, 0, 0, 0, 0, 0, 16, 7, 47
"c:\laragon\www\bazrasi\app\Rules\CurrentPassword.php", "PHP", 0, 0, 20, 0, 0, 0, 0, 0, 0, 0, 0, 22, 8, 50
"c:\laragon\www\bazrasi\app\Rules\ValidationRuleSyntaxChecker.php", "PHP", 0, 0, 17, 0, 0, 0, 0, 0, 0, 0, 0, 18, 6, 41
"c:\laragon\www\bazrasi\app\Setting.php", "PHP", 0, 0, 22, 0, 0, 0, 0, 0, 0, 0, 0, 31, 14, 67
"c:\laragon\www\bazrasi\app\Tag.php", "PHP", 0, 0, 35, 0, 0, 0, 0, 0, 0, 0, 0, 41, 11, 87
"c:\laragon\www\bazrasi\app\User.php", "PHP", 0, 0, 48, 0, 0, 0, 0, 0, 0, 0, 0, 83, 14, 145
"c:\laragon\www\bazrasi\bootstrap\app.php", "PHP", 0, 0, 17, 0, 0, 0, 0, 0, 0, 0, 0, 30, 9, 56
"c:\laragon\www\bazrasi\composer.json", "JSON", 0, 0, 0, 0, 0, 81, 0, 0, 0, 0, 0, 0, 1, 82
"c:\laragon\www\bazrasi\composer.lock", "JSON", 0, 0, 0, 0, 0, 7710, 0, 0, 0, 0, 0, 0, 1, 7711
"c:\laragon\www\bazrasi\config\app.php", "PHP", 0, 0, 85, 0, 0, 0, 0, 0, 0, 0, 0, 120, 30, 235
"c:\laragon\www\bazrasi\config\auth.php", "PHP", 0, 0, 33, 0, 0, 0, 0, 0, 0, 0, 0, 70, 15, 118
"c:\laragon\www\bazrasi\config\broadcasting.php", "PHP", 0, 0, 26, 0, 0, 0, 0, 0, 0, 0, 0, 22, 12, 60
"c:\laragon\www\bazrasi\config\cache.php", "PHP", 0, 0, 52, 0, 0, 0, 0, 0, 0, 0, 0, 34, 18, 104
"c:\laragon\www\bazrasi\config\constants.php", "PHP", 0, 0, 48, 0, 0, 0, 0, 0, 0, 0, 0, 0, 1, 49
"c:\laragon\www\bazrasi\config\database.php", "PHP", 0, 0, 81, 0, 0, 0, 0, 0, 0, 0, 0, 45, 22, 148
"c:\laragon\www\bazrasi\config\datatables-buttons.php", "PHP", 0, 0, 34, 0, 0, 0, 0, 0, 0, 0, 0, 47, 10, 91
"c:\laragon\www\bazrasi\config\datatables.php", "PHP", 0, 0, 32, 0, 0, 0, 0, 0, 0, 0, 0, 73, 18, 123
"c:\laragon\www\bazrasi\config\dompdf.php", "PHP", 0, 0, 22, 0, 0, 0, 0, 0, 0, 0, 0, 203, 20, 245
"c:\laragon\www\bazrasi\config\filesystems.php", "PHP", 0, 0, 25, 0, 0, 0, 0, 0, 0, 0, 0, 32, 13, 70
"c:\laragon\www\bazrasi\config\flare.php", "PHP", 0, 0, 13, 0, 0, 0, 0, 0, 0, 0, 0, 28, 7, 48
"c:\laragon\www\bazrasi\config\hashing.php", "PHP", 0, 0, 12, 0, 0, 0, 0, 0, 0, 0, 0, 32, 9, 53
"c:\laragon\www\bazrasi\config\ide-helper.php", "PHP", 0, 0, 31, 0, 0, 0, 0, 0, 0, 0, 0, 138, 29, 198
"c:\laragon\www\bazrasi\config\ignition.php", "PHP", 0, 0, 13, 0, 0, 0, 0, 0, 0, 0, 0, 96, 17, 126
"c:\laragon\www\bazrasi\config\infyom\laravel_generator.php", "PHP", 0, 0, 74, 0, 0, 0, 0, 0, 0, 0, 0, 66, 75, 215
"c:\laragon\www\bazrasi\config\logging.php", "PHP", 0, 0, 61, 0, 0, 0, 0, 0, 0, 0, 0, 24, 16, 101
"c:\laragon\www\bazrasi\config\mail.php", "PHP", 0, 0, 21, 0, 0, 0, 0, 0, 0, 0, 0, 93, 23, 137
"c:\laragon\www\bazrasi\config\permission.php", "PHP", 0, 0, 24, 0, 0, 0, 0, 0, 0, 0, 0, 73, 33, 130
"c:\laragon\www\bazrasi\config\queue.php", "PHP", 0, 0, 42, 0, 0, 0, 0, 0, 0, 0, 0, 32, 15, 89
"c:\laragon\www\bazrasi\config\services.php", "PHP", 0, 0, 16, 0, 0, 0, 0, 0, 0, 0, 0, 11, 7, 34
"c:\laragon\www\bazrasi\config\session.php", "PHP", 0, 0, 22, 0, 0, 0, 0, 0, 0, 0, 0, 145, 33, 200
"c:\laragon\www\bazrasi\config\tinker.php", "PHP", 0, 0, 8, 0, 0, 0, 0, 0, 0, 0, 0, 21, 7, 36
"c:\laragon\www\bazrasi\config\trustedproxy.php", "PHP", 0, 0, 5, 0, 0, 0, 0, 0, 0, 0, 0, 39, 7, 51
"c:\laragon\www\bazrasi\config\view.php", "PHP", 0, 0, 10, 0, 0, 0, 0, 0, 0, 0, 0, 20, 7, 37
"c:\laragon\www\bazrasi\database\factories\CustomFieldFactory.php", "PHP", 0, 0, 12, 0, 0, 0, 0, 0, 0, 0, 0, 1, 5, 18
"c:\laragon\www\bazrasi\database\factories\FileTypeFactory.php", "PHP", 0, 0, 14, 0, 0, 0, 0, 0, 0, 0, 0, 1, 5, 20
"c:\laragon\www\bazrasi\database\factories\SettingFactory.php", "PHP", 0, 0, 9, 0, 0, 0, 0, 0, 0, 0, 0, 1, 5, 15
"c:\laragon\www\bazrasi\database\factories\TagFactory.php", "PHP", 0, 0, 13, 0, 0, 0, 0, 0, 0, 0, 0, 1, 5, 19
"c:\laragon\www\bazrasi\database\factories\UserFactory.php", "PHP", 0, 0, 14, 0, 0, 0, 0, 0, 0, 0, 0, 1, 5, 20
"c:\laragon\www\bazrasi\database\migrations\2014_10_12_000000_create_users_table.php", "PHP", 0, 0, 27, 0, 0, 0, 0, 0, 0, 0, 0, 10, 4, 41
"c:\laragon\www\bazrasi\database\migrations\2014_10_12_100000_create_password_resets_table.php", "PHP", 0, 0, 19, 0, 0, 0, 0, 0, 0, 0, 0, 10, 4, 33
"c:\laragon\www\bazrasi\database\migrations\2019_08_19_000000_create_failed_jobs_table.php", "PHP", 0, 0, 22, 0, 0, 0, 0, 0, 0, 0, 0, 10, 4, 36
"c:\laragon\www\bazrasi\database\migrations\2019_11_09_055735_create_settings_table.php", "PHP", 0, 0, 20, 0, 0, 0, 0, 0, 0, 0, 0, 10, 4, 34
"c:\laragon\www\bazrasi\database\migrations\2019_11_11_170438_create_custom_fields_table.php", "PHP", 0, 0, 20, 0, 0, 0, 0, 0, 0, 0, 0, 10, 5, 35
"c:\laragon\www\bazrasi\database\migrations\2019_11_12_122144_create_file_types_table.php", "PHP", 0, 0, 22, 0, 0, 0, 0, 0, 0, 0, 0, 10, 5, 37
"c:\laragon\www\bazrasi\database\migrations\2019_11_12_155907_create_tags_table.php", "PHP", 0, 0, 22, 0, 0, 0, 0, 0, 0, 0, 0, 10, 5, 37
"c:\laragon\www\bazrasi\database\migrations\2019_11_13_150331_create_documents_table.php", "PHP", 0, 0, 26, 0, 0, 0, 0, 0, 0, 0, 0, 10, 5, 41
"c:\laragon\www\bazrasi\database\migrations\2019_11_14_144921_create_documents_tags_table.php", "PHP", 0, 0, 23, 0, 0, 0, 0, 0, 0, 0, 0, 10, 4, 37
"c:\laragon\www\bazrasi\database\migrations\2019_11_15_122537_create_files_table.php", "PHP", 0, 0, 27, 0, 0, 0, 0, 0, 0, 0, 0, 10, 5, 42
"c:\laragon\www\bazrasi\database\migrations\2019_11_18_143946_create_permission_tables.php", "PHP", 0, 0, 73, 0, 0, 0, 0, 0, 0, 0, 0, 10, 20, 103
"c:\laragon\www\bazrasi\database\migrations\2019_11_20_155709_create_activities_table.php", "PHP", 0, 0, 21, 0, 0, 0, 0, 0, 0, 0, 0, 10, 5, 36
"c:\laragon\www\bazrasi\database\migrations\2019_11_21_085158_update_custom_fields_add_field.php", "PHP", 0, 0, 19, 0, 0, 0, 0, 0, 0, 0, 0, 10, 4, 33
"c:\laragon\www\bazrasi\database\migrations\2019_11_21_122845_update_activities_add_field_document_id.php", "PHP", 0, 0, 21, 0, 0, 0, 0, 0, 0, 0, 0, 10, 4, 35
"c:\laragon\www\bazrasi\database\seeds\CustomFieldsTableSeeder.php", "PHP", 0, 0, 17, 0, 0, 0, 0, 0, 0, 0, 0, 6, 3, 26
"c:\laragon\www\bazrasi\database\seeds\DatabaseSeeder.php", "PHP", 0, 0, 15, 0, 0, 0, 0, 0, 0, 0, 0, 7, 3, 25
"c:\laragon\www\bazrasi\database\seeds\FileTypesSeeder.php", "PHP", 0, 0, 15, 0, 0, 0, 0, 0, 0, 0, 0, 5, 3, 23
"c:\laragon\www\bazrasi\database\seeds\PermissionsTableSeeder.php", "PHP", 0, 0, 23, 0, 0, 0, 0, 0, 0, 0, 0, 8, 5, 36
"c:\laragon\www\bazrasi\database\seeds\SettingsTableSeeder.php", "PHP", 0, 0, 27, 0, 0, 0, 0, 0, 0, 0, 0, 5, 15, 47
"c:\laragon\www\bazrasi\database\seeds\TagsTableSeeder.php", "PHP", 0, 0, 18, 0, 0, 0, 0, 0, 0, 0, 0, 5, 3, 26
"c:\laragon\www\bazrasi\database\seeds\UsersTableSeeder.php", "PHP", 0, 0, 14, 0, 0, 0, 0, 0, 0, 0, 0, 6, 3, 23
"c:\laragon\www\bazrasi\package-lock.json", "JSON", 0, 0, 0, 0, 0, 12787, 0, 0, 0, 0, 0, 0, 1, 12788
"c:\laragon\www\bazrasi\package.json", "JSON", 0, 0, 0, 0, 0, 29, 0, 0, 0, 0, 0, 0, 1, 30
"c:\laragon\www\bazrasi\phpunit.xml", "XML", 0, 0, 0, 0, 0, 0, 0, 0, 34, 0, 0, 0, 2, 36
"c:\laragon\www\bazrasi\public\css\app.css", "CSS", 0, 0, 0, 8865, 0, 0, 0, 0, 0, 0, 0, 6, 2032, 10903
"c:\laragon\www\bazrasi\public\css\digidocu-custom.css", "CSS", 0, 0, 0, 56, 0, 0, 0, 0, 0, 0, 0, 7, 12, 75
"c:\laragon\www\bazrasi\public\css\lte\AdminLTE.min.css", "CSS", 0, 0, 0, 5662, 0, 0, 0, 0, 0, 0, 0, 8, 3, 5673
"c:\laragon\www\bazrasi\public\css\lte\_all.css", "CSS", 0, 0, 0, 530, 0, 0, 0, 0, 0, 0, 0, 21, 40, 591
"c:\laragon\www\bazrasi\public\css\lte\bootstrap-toggle.min.css", "CSS", 0, 0, 0, 21, 0, 0, 0, 0, 0, 0, 0, 7, 1, 29
"c:\laragon\www\bazrasi\public\css\lte\bootstrap.min.css", "CSS", 0, 0, 0, 7132, 0, 0, 0, 0, 0, 0, 0, 6, 1, 7139
"c:\laragon\www\bazrasi\public\css\lte\buttons.bootstrap.min.css", "CSS", 0, 0, 0, 1, 0, 0, 0, 0, 0, 0, 0, 0, 1, 2
"c:\laragon\www\bazrasi\public\css\lte\dataTables.bootstrap.min.css", "CSS", 0, 0, 0, 1, 0, 0, 0, 0, 0, 0, 0, 0, 1, 2
"c:\laragon\www\bazrasi\public\css\lte\daterangepicker.css", "CSS", 0, 0, 0, 337, 0, 0, 0, 0, 0, 0, 0, 1, 73, 411
"c:\laragon\www\bazrasi\public\css\lte\font-awesome.min.css", "CSS", 0, 0, 0, 1, 0, 0, 0, 0, 0, 0, 0, 3, 1, 5
"c:\laragon\www\bazrasi\public\css\lte\jquery.Bootstrap-PersianDateTimePicker.css", "CSS", 0, 0, 0, 90, 0, 0, 0, 0, 0, 0, 0, 0, 19, 109
"c:\laragon\www\bazrasi\public\css\lte\select2.min.css", "CSS", 0, 0, 0, 1, 0, 0, 0, 0, 0, 0, 0, 0, 1, 2
"c:\laragon\www\bazrasi\public\css\lte\skins\skin-blue-light.min.css", "CSS", 0, 0, 0, 173, 0, 0, 0, 0, 0, 0, 0, 0, 1, 174
"c:\laragon\www\bazrasi\public\docs\README.md", "Markdown", 0, 0, 0, 0, 0, 0, 0, 19, 0, 0, 0, 0, 5, 24
"c:\laragon\www\bazrasi\public\docs\SUMMARY.md", "Markdown", 0, 0, 0, 0, 0, 0, 0, 13, 0, 0, 0, 0, 3, 16
"c:\laragon\www\bazrasi\public\docs\dev\README.md", "Markdown", 0, 0, 0, 0, 0, 0, 0, 1, 0, 0, 0, 0, 2, 3
"c:\laragon\www\bazrasi\public\docs\dev\code-guide.md", "Markdown", 0, 0, 0, 0, 0, 0, 0, 1, 0, 0, 0, 0, 2, 3
"c:\laragon\www\bazrasi\public\docs\dev\install.md", "Markdown", 0, 0, 0, 0, 0, 0, 0, 22, 0, 0, 0, 0, 6, 28
"c:\laragon\www\bazrasi\public\docs\dev\troubleshooting.md", "Markdown", 0, 0, 0, 0, 0, 0, 0, 4, 0, 0, 0, 0, 5, 9
"c:\laragon\www\bazrasi\public\docs\user\README.md", "Markdown", 0, 0, 0, 0, 0, 0, 0, 1, 0, 0, 0, 0, 2, 3
"c:\laragon\www\bazrasi\public\docs\user\getting-start.md", "Markdown", 0, 0, 0, 0, 0, 0, 0, 10, 0, 0, 0, 0, 4, 14
"c:\laragon\www\bazrasi\public\docs\user\interface\README.md", "Markdown", 0, 0, 0, 0, 0, 0, 0, 1, 0, 0, 0, 0, 1, 2
"c:\laragon\www\bazrasi\public\docs\user\interface\advanced-settings\README.md", "Markdown", 0, 0, 0, 0, 0, 0, 0, 1, 0, 0, 0, 0, 1, 2
"c:\laragon\www\bazrasi\public\docs\user\interface\advanced-settings\custom-fields.md", "Markdown", 0, 0, 0, 0, 0, 0, 0, 1, 0, 0, 0, 0, 1, 2
"c:\laragon\www\bazrasi\public\docs\user\interface\advanced-settings\file-types.md", "Markdown", 0, 0, 0, 0, 0, 0, 0, 1, 0, 0, 0, 0, 1, 2
"c:\laragon\www\bazrasi\public\docs\user\interface\advanced-settings\settings.md", "Markdown", 0, 0, 0, 0, 0, 0, 0, 1, 0, 0, 0, 0, 1, 2
"c:\laragon\www\bazrasi\public\docs\user\interface\document-management.md", "Markdown", 0, 0, 0, 0, 0, 0, 0, 18, 0, 0, 0, 0, 7, 25
"c:\laragon\www\bazrasi\public\docs\user\interface\file-uploads.md", "Markdown", 0, 0, 0, 0, 0, 0, 0, 31, 0, 0, 0, 0, 11, 42
"c:\laragon\www\bazrasi\public\docs\user\interface\home.md", "Markdown", 0, 0, 0, 0, 0, 0, 0, 7, 0, 0, 0, 0, 5, 12
"c:\laragon\www\bazrasi\public\docs\user\interface\permissions.md", "Markdown", 0, 0, 0, 0, 0, 0, 0, 1, 0, 0, 0, 0, 1, 2
"c:\laragon\www\bazrasi\public\docs\user\interface\tags-management.md", "Markdown", 0, 0, 0, 0, 0, 0, 0, 9, 0, 0, 0, 0, 6, 15
"c:\laragon\www\bazrasi\public\docs\user\interface\user-management.md", "Markdown", 0, 0, 0, 0, 0, 0, 0, 7, 0, 0, 0, 0, 4, 11
"c:\laragon\www\bazrasi\public\fonts\vendor\Ionicons\ionicons.svg", "XML", 0, 0, 0, 0, 0, 0, 0, 0, 2227, 0, 0, 3, 1, 2231
"c:\laragon\www\bazrasi\public\fonts\vendor\bootstrap\dist\glyphicons-halflings-regular.svg", "XML", 0, 0, 0, 0, 0, 0, 0, 0, 288, 0, 0, 0, 0, 288
"c:\laragon\www\bazrasi\public\fonts\vendor\font-awesome\fontawesome-webfont.svg", "XML", 0, 0, 0, 0, 0, 0, 0, 0, 2671, 0, 0, 0, 1, 2672
"c:\laragon\www\bazrasi\public\index.php", "PHP", 0, 0, 10, 0, 0, 0, 0, 0, 0, 0, 0, 39, 12, 61
"c:\laragon\www\bazrasi\public\js\adminlte.min.js", "JavaScript", 1, 0, 0, 0, 0, 0, 0, 0, 0, 0, 0, 13, 1, 15
"c:\laragon\www\bazrasi\public\js\app.js", "JavaScript", 6994, 0, 0, 0, 0, 0, 0, 0, 0, 0, 0, 1923, 2091, 11008
"c:\laragon\www\bazrasi\public\js\bootstrap-datepicker.js", "JavaScript", 1720, 0, 0, 0, 0, 0, 0, 0, 0, 0, 0, 69, 132, 1921
"c:\laragon\www\bazrasi\public\js\bootstrap-toggle.min.js", "JavaScript", 1, 0, 0, 0, 0, 0, 0, 0, 0, 0, 0, 8, 1, 10
"c:\laragon\www\bazrasi\public\js\bootstrap.min.js", "JavaScript", 2, 0, 0, 0, 0, 0, 0, 0, 0, 0, 0, 5, 1, 8
"c:\laragon\www\bazrasi\public\js\calendar.js", "JavaScript", 125, 0, 0, 0, 0, 0, 0, 0, 0, 0, 0, 19, 25, 169
"c:\laragon\www\bazrasi\public\js\daterangepicker.min.js", "JavaScript", 1, 0, 0, 0, 0, 0, 0, 0, 0, 0, 0, 7, 1, 9
"c:\laragon\www\bazrasi\public\js\digidocu-custom.js", "JavaScript", 58, 0, 0, 0, 0, 0, 0, 0, 0, 0, 0, 0, 9, 67
"c:\laragon\www\bazrasi\public\js\filerobot-image-editor.min.js", "JavaScript", 8, 0, 0, 0, 0, 0, 0, 0, 0, 0, 0, 57, 1, 66
"c:\laragon\www\bazrasi\public\js\handlebar-helpers.js", "JavaScript", 21, 0, 0, 0, 0, 0, 0, 0, 0, 0, 0, 1, 2, 24
"c:\laragon\www\bazrasi\public\js\handlebars.min.js", "JavaScript", 3, 0, 0, 0, 0, 0, 0, 0, 0, 0, 0, 26, 1, 30
"c:\laragon\www\bazrasi\public\js\icheck.min.js", "JavaScript", 10, 0, 0, 0, 0, 0, 0, 0, 0, 0, 0, 1, 1, 12
"c:\laragon\www\bazrasi\public\js\jquery.Bootstrap-PersianDateTimePicker.js", "JavaScript", 567, 0, 0, 0, 0, 0, 0, 0, 0, 0, 0, 64, 88, 719
"c:\laragon\www\bazrasi\public\js\jquery.js", "JavaScript", 6906, 0, 0, 0, 0, 0, 0, 0, 0, 0, 0, 1890, 2077, 10873
"c:\laragon\www\bazrasi\public\js\jquery.min.js", "JavaScript", 3, 0, 0, 0, 0, 0, 0, 0, 0, 0, 0, 1, 1, 5
"c:\laragon\www\bazrasi\public\js\moment.min.js", "JavaScript", 209, 0, 0, 0, 0, 0, 0, 0, 0, 0, 0, 286, 1, 496
"c:\laragon\www\bazrasi\public\js\select2.min.js", "JavaScript", 3846, 0, 0, 0, 0, 0, 0, 0, 0, 0, 0, 0, 2, 3848
"c:\laragon\www\bazrasi\public\js\sweetalert.min.js", "JavaScript", 1, 0, 0, 0, 0, 0, 0, 0, 0, 0, 0, 0, 1, 2
"c:\laragon\www\bazrasi\public\mix-manifest.json", "JSON", 0, 0, 0, 0, 0, 4, 0, 0, 0, 0, 0, 0, 1, 5
"c:\laragon\www\bazrasi\public\robots.txt", "Django txt", 0, 0, 0, 0, 0, 0, 0, 0, 0, 2, 0, 0, 1, 3
"c:\laragon\www\bazrasi\public\vendor\bootstrap-tagsinput\css\bootstrap-tagsinput.css", "CSS", 0, 0, 0, 55, 0, 0, 0, 0, 0, 0, 0, 0, 1, 56
"c:\laragon\www\bazrasi\public\vendor\bootstrap-tagsinput\js\bootstrap-tagsinput.min.js", "JavaScript", 1, 0, 0, 0, 0, 0, 0, 0, 0, 0, 0, 5, 1, 7
"c:\laragon\www\bazrasi\public\vendor\bootstrap-typeahead\js\bootstrap3-typeahead.min.js", "JavaScript", 1, 0, 0, 0, 0, 0, 0, 0, 0, 0, 0, 0, 1, 2
"c:\laragon\www\bazrasi\public\vendor\bootstrap-wysihtml5\css\bootstrap3-wysihtml5.min.css", "CSS", 0, 0, 0, 95, 0, 0, 0, 0, 0, 0, 0, 1, 2, 98
"c:\laragon\www\bazrasi\public\vendor\bootstrap-wysihtml5\js\bootstrap3-wysihtml5.all.min.js", "JavaScript", 11599, 0, 0, 0, 0, 0, 0, 0, 0, 0, 0, 1, 19, 11619
"c:\laragon\www\bazrasi\public\vendor\bootstrap\css\bootstrap.min.css", "CSS", 0, 0, 0, 1, 0, 0, 0, 0, 0, 0, 0, 5, 1, 7
"c:\laragon\www\bazrasi\public\vendor\datatables\buttons.bootstrap.min.js", "JavaScript", 2, 0, 0, 0, 0, 0, 0, 0, 0, 0, 0, 4, 1, 7
"c:\laragon\www\bazrasi\public\vendor\datatables\buttons.colVis.min.js", "JavaScript", 6, 0, 0, 0, 0, 0, 0, 0, 0, 0, 0, 0, 1, 7
"c:\laragon\www\bazrasi\public\vendor\datatables\buttons.server-side.js", "JavaScript", 221, 0, 0, 0, 0, 0, 0, 0, 0, 0, 0, 3, 61, 285
"c:\laragon\www\bazrasi\public\vendor\datatables\dataTables.bootstrap.min.js", "JavaScript", 4, 0, 0, 0, 0, 0, 0, 0, 0, 0, 0, 4, 1, 9
"c:\laragon\www\bazrasi\public\vendor\datatables\dataTables.buttons.min.js", "JavaScript", 33, 0, 0, 0, 0, 0, 0, 0, 0, 0, 0, 4, 1, 38
"c:\laragon\www\bazrasi\public\vendor\datatables\jquery.dataTables.min.js", "JavaScript", 162, 0, 0, 0, 0, 0, 0, 0, 0, 0, 0, 4, 1, 167
"c:\laragon\www\bazrasi\readme.md", "Markdown", 0, 0, 0, 0, 0, 0, 0, 29, 0, 0, 0, 0, 7, 36
"c:\laragon\www\bazrasi\resources\infyom\infyom-generator-templates\vuejs\css\vue-styles.css", "CSS", 0, 0, 0, 98, 0, 0, 0, 0, 0, 0, 0, 3, 1, 102
"c:\laragon\www\bazrasi\resources\infyom\infyom-generator-templates\vuejs\js\crud.js", "JavaScript", 228, 0, 0, 0, 0, 0, 0, 0, 0, 0, 0, 16, 7, 251
"c:\laragon\www\bazrasi\resources\infyom\infyom-generator-templates\vuejs\js\gulpfile.js", "JavaScript", 9, 0, 0, 0, 0, 0, 0, 0, 0, 0, 0, 12, 5, 26
"c:\laragon\www\bazrasi\resources\infyom\infyom-generator-templates\vuejs\js\package.json", "JSON", 0, 0, 0, 0, 0, 30, 0, 0, 0, 0, 0, 0, 1, 31
"c:\laragon\www\bazrasi\resources\infyom\infyom-generator-templates\vuejs\vendor\vue-editable\vue-editable.js", "JavaScript", 56, 0, 0, 0, 0, 0, 0, 0, 0, 0, 0, 1, 4, 61
"c:\laragon\www\bazrasi\resources\infyom\infyom-generator-templates\vuejs\vendor\vue-strap\vue-strap.min.js", "JavaScript", 2, 0, 0, 0, 0, 0, 0, 0, 0, 0, 0, 0, 0, 2
"c:\laragon\www\bazrasi\resources\infyom\infyom-generator-templates\vuejs\vendor\vue-table\components\VuetablePaginationMixin.vue", "vue", 0, 0, 0, 0, 0, 0, 110, 0, 0, 0, 0, 0, 1, 111
"c:\laragon\www\bazrasi\resources\infyom\infyom-generator-templates\vuejs\vendor\vue-table\components\VuetablePaginationSimple.vue", "vue", 0, 0, 0, 0, 0, 0, 23, 0, 0, 0, 0, 0, 1, 24
"c:\laragon\www\bazrasi\resources\js\app.js", "JavaScript", 1, 0, 0, 0, 0, 0, 0, 0, 0, 0, 0, 0, 1, 2
"c:\laragon\www\bazrasi\resources\js\bootstrap.js", "JavaScript", 8, 0, 0, 0, 0, 0, 0, 0, 0, 0, 0, 23, 11, 42
"c:\laragon\www\bazrasi\resources\lang\en\auth.php", "PHP", 0, 0, 5, 0, 0, 0, 0, 0, 0, 0, 0, 10, 5, 20
"c:\laragon\www\bazrasi\resources\lang\en\pagination.php", "PHP", 0, 0, 5, 0, 0, 0, 0, 0, 0, 0, 0, 10, 5, 20
"c:\laragon\www\bazrasi\resources\lang\en\passwords.php", "PHP", 0, 0, 8, 0, 0, 0, 0, 0, 0, 0, 0, 10, 5, 23
"c:\laragon\www\bazrasi\resources\lang\en\validation.php", "PHP", 0, 0, 113, 0, 0, 0, 0, 0, 0, 0, 0, 30, 9, 152
"c:\laragon\www\bazrasi\resources\model_schemas\CustomField.json", "JSON", 0, 0, 0, 0, 0, 74, 0, 0, 0, 0, 0, 0, 1, 75
"c:\laragon\www\bazrasi\resources\model_schemas\Document.json", "JSON", 0, 0, 0, 0, 0, 104, 0, 0, 0, 0, 0, 0, 1, 105
"c:\laragon\www\bazrasi\resources\model_schemas\File.json", "JSON", 0, 0, 0, 0, 0, 94, 0, 0, 0, 0, 0, 0, 1, 95
"c:\laragon\www\bazrasi\resources\model_schemas\FileType.json", "JSON", 0, 0, 0, 0, 0, 98, 0, 0, 0, 0, 0, 0, 0, 98
"c:\laragon\www\bazrasi\resources\model_schemas\Setting.json", "JSON", 0, 0, 0, 0, 0, 62, 0, 0, 0, 0, 0, 0, 1, 63
"c:\laragon\www\bazrasi\resources\model_schemas\Tag.json", "JSON", 0, 0, 0, 0, 0, 80, 0, 0, 0, 0, 0, 0, 1, 81
"c:\laragon\www\bazrasi\resources\model_schemas\User.json", "JSON", 0, 0, 0, 0, 0, 122, 0, 0, 0, 0, 0, 0, 1, 123
"c:\laragon\www\bazrasi\resources\sass\_variables.scss", "SCSS", 0, 0, 0, 0, 14, 0, 0, 0, 0, 0, 0, 3, 3, 20
"c:\laragon\www\bazrasi\resources\sass\app.scss", "SCSS", 0, 0, 0, 0, 3, 0, 0, 0, 0, 0, 0, 3, 3, 9
"c:\laragon\www\bazrasi\resources\views\auth\emails\password.blade.php", "PHP", 0, 0, 1, 0, 0, 0, 0, 0, 0, 0, 0, 0, 1, 2
"c:\laragon\www\bazrasi\resources\views\auth\login.blade.php", "PHP", 0, 0, 107, 0, 0, 0, 0, 0, 0, 0, 0, 0, 18, 125
"c:\laragon\www\bazrasi\resources\views\auth\passwords\email.blade.php", "PHP", 0, 0, 69, 0, 0, 0, 0, 0, 0, 0, 0, 0, 19, 88
"c:\laragon\www\bazrasi\resources\views\auth\passwords\reset.blade.php", "PHP", 0, 0, 90, 0, 0, 0, 0, 0, 0, 0, 0, 0, 22, 112
"c:\laragon\www\bazrasi\resources\views\auth\register.blade.php", "PHP", 0, 0, 107, 0, 0, 0, 0, 0, 0, 0, 0, 0, 25, 132
"c:\laragon\www\bazrasi\resources\views\components\input.blade.php", "PHP", 0, 0, 5, 0, 0, 0, 0, 0, 0, 0, 0, 0, 1, 6
"c:\laragon\www\bazrasi\resources\views\components\select.blade.php", "PHP", 0, 0, 5, 0, 0, 0, 0, 0, 0, 0, 0, 0, 1, 6
"c:\laragon\www\bazrasi\resources\views\components\textarea.blade.php", "PHP", 0, 0, 5, 0, 0, 0, 0, 0, 0, 0, 0, 0, 1, 6
"c:\laragon\www\bazrasi\resources\views\custom_fields\create.blade.php", "PHP", 0, 0, 20, 0, 0, 0, 0, 0, 0, 0, 0, 0, 4, 24
"c:\laragon\www\bazrasi\resources\views\custom_fields\datatables_actions.blade.php", "PHP", 0, 0, 15, 0, 0, 0, 0, 0, 0, 0, 0, 0, 1, 16
"c:\laragon\www\bazrasi\resources\views\custom_fields\edit.blade.php", "PHP", 0, 0, 20, 0, 0, 0, 0, 0, 0, 0, 0, 0, 3, 23
"c:\laragon\www\bazrasi\resources\views\custom_fields\fields.blade.php", "PHP", 0, 0, 28, 0, 0, 0, 0, 0, 0, 0, 0, 0, 8, 36
"c:\laragon\www\bazrasi\resources\views\custom_fields\index.blade.php", "PHP", 0, 0, 25, 0, 0, 0, 0, 0, 0, 0, 0, 0, 6, 31
"c:\laragon\www\bazrasi\resources\views\custom_fields\show.blade.php", "PHP", 0, 0, 34, 0, 0, 0, 0, 0, 0, 0, 0, 0, 1, 35
"c:\laragon\www\bazrasi\resources\views\custom_fields\show_fields.blade.php", "PHP", 0, 0, 39, 0, 0, 0, 0, 0, 0, 0, 0, 0, 12, 51
"c:\laragon\www\bazrasi\resources\views\custom_fields\table.blade.php", "PHP", 0, 0, 8, 0, 0, 0, 0, 0, 0, 0, 0, 0, 3, 11
"c:\laragon\www\bazrasi\resources\views\documents\create.blade.php", "PHP", 0, 0, 23, 0, 0, 0, 0, 0, 0, 0, 0, 0, 4, 27
"c:\laragon\www\bazrasi\resources\views\documents\edit.blade.php", "PHP", 0, 0, 20, 0, 0, 0, 0, 0, 0, 0, 0, 0, 3, 23
"c:\laragon\www\bazrasi\resources\views\documents\fields.blade.php", "PHP", 0, 0, 307, 0, 0, 0, 0, 0, 0, 0, 0, 5, 36, 348
"c:\laragon\www\bazrasi\resources\views\documents\file_upload.blade.php", "PHP", 0, 0, 164, 0, 0, 0, 0, 0, 0, 0, 0, 1, 16, 181
"c:\laragon\www\bazrasi\resources\views\documents\index.blade.php", "PHP", 0, 0, 197, 0, 0, 0, 0, 0, 0, 0, 0, 0, 21, 218
"c:\laragon\www\bazrasi\resources\views\documents\show.blade.php", "PHP", 0, 0, 575, 0, 0, 0, 0, 0, 0, 0, 0, 0, 17, 592
"c:\laragon\www\bazrasi\resources\views\errors\401.blade.php", "PHP", 0, 0, 4, 0, 0, 0, 0, 0, 0, 0, 0, 0, 2, 6
"c:\laragon\www\bazrasi\resources\views\errors\403.blade.php", "PHP", 0, 0, 4, 0, 0, 0, 0, 0, 0, 0, 0, 0, 2, 6
"c:\laragon\www\bazrasi\resources\views\errors\404.blade.php", "PHP", 0, 0, 4, 0, 0, 0, 0, 0, 0, 0, 0, 0, 2, 6
"c:\laragon\www\bazrasi\resources\views\errors\419.blade.php", "PHP", 0, 0, 4, 0, 0, 0, 0, 0, 0, 0, 0, 0, 2, 6
"c:\laragon\www\bazrasi\resources\views\errors\429.blade.php", "PHP", 0, 0, 4, 0, 0, 0, 0, 0, 0, 0, 0, 0, 2, 6
"c:\laragon\www\bazrasi\resources\views\errors\500.blade.php", "PHP", 0, 0, 4, 0, 0, 0, 0, 0, 0, 0, 0, 0, 2, 6
"c:\laragon\www\bazrasi\resources\views\errors\503.blade.php", "PHP", 0, 0, 4, 0, 0, 0, 0, 0, 0, 0, 0, 0, 2, 6
"c:\laragon\www\bazrasi\resources\views\errors\illustrated-layout.blade.php", "PHP", 0, 0, 388, 0, 0, 0, 0, 0, 0, 0, 0, 0, 99, 487
"c:\laragon\www\bazrasi\resources\views\errors\layout.blade.php", "PHP", 0, 0, 49, 0, 0, 0, 0, 0, 0, 0, 0, 0, 9, 58
"c:\laragon\www\bazrasi\resources\views\errors\minimal.blade.php", "PHP", 0, 0, 53, 0, 0, 0, 0, 0, 0, 0, 0, 0, 10, 63
"c:\laragon\www\bazrasi\resources\views\file_types\create.blade.php", "PHP", 0, 0, 20, 0, 0, 0, 0, 0, 0, 0, 0, 0, 4, 24
"c:\laragon\www\bazrasi\resources\views\file_types\datatables_actions.blade.php", "PHP", 0, 0, 15, 0, 0, 0, 0, 0, 0, 0, 0, 0, 1, 16
"c:\laragon\www\bazrasi\resources\views\file_types\edit.blade.php", "PHP", 0, 0, 20, 0, 0, 0, 0, 0, 0, 0, 0, 0, 3, 23
"c:\laragon\www\bazrasi\resources\views\file_types\fields.blade.php", "PHP", 0, 0, 35, 0, 0, 0, 0, 0, 0, 0, 0, 0, 11, 46
"c:\laragon\www\bazrasi\resources\views\file_types\index.blade.php", "PHP", 0, 0, 25, 0, 0, 0, 0, 0, 0, 0, 0, 0, 5, 30
"c:\laragon\www\bazrasi\resources\views\file_types\show.blade.php", "PHP", 0, 0, 34, 0, 0, 0, 0, 0, 0, 0, 0, 0, 3, 37
"c:\laragon\www\bazrasi\resources\views\file_types\show_fields.blade.php", "PHP", 0, 0, 35, 0, 0, 0, 0, 0, 0, 0, 0, 0, 15, 50
"c:\laragon\www\bazrasi\resources\views\file_types\table.blade.php", "PHP", 0, 0, 10, 0, 0, 0, 0, 0, 0, 0, 0, 0, 1, 11
"c:\laragon\www\bazrasi\resources\views\home.blade.php", "PHP", 0, 0, 162, 0, 0, 0, 0, 0, 0, 0, 0, 0, 7, 169
"c:\laragon\www\bazrasi\resources\views\layouts\app.blade.php", "PHP", 0, 0, 165, 0, 0, 0, 0, 0, 0, 0, 0, 0, 13, 178
"c:\laragon\www\bazrasi\resources\views\layouts\datatables_css.blade.php", "PHP", 0, 0, 5, 0, 0, 0, 0, 0, 0, 0, 0, 0, 1, 6
"c:\laragon\www\bazrasi\resources\views\layouts\datatables_js.blade.php", "PHP", 0, 0, 12, 0, 0, 0, 0, 0, 0, 0, 0, 0, 1, 13
"c:\laragon\www\bazrasi\resources\views\layouts\menu.blade.php", "PHP", 0, 0, 56, 0, 0, 0, 0, 0, 0, 0, 0, 0, 4, 60
"c:\laragon\www\bazrasi\resources\views\layouts\sidebar.blade.php", "PHP", 0, 0, 37, 0, 0, 0, 0, 0, 0, 0, 0, 0, 5, 42
"c:\laragon\www\bazrasi\resources\views\pdf.blade.php", "PHP", 0, 0, 15, 0, 0, 0, 0, 0, 0, 0, 0, 0, 1, 16
"c:\laragon\www\bazrasi\resources\views\profile.blade.php", "PHP", 0, 0, 110, 0, 0, 0, 0, 0, 0, 0, 0, 0, 3, 113
"c:\laragon\www\bazrasi\resources\views\reports\index.blade.php", "PHP", 0, 0, 76, 0, 0, 0, 0, 0, 0, 0, 0, 0, 7, 83
"c:\laragon\www\bazrasi\resources\views\reports\rptKol.blade.php", "PHP", 0, 0, 83, 0, 0, 0, 0, 0, 0, 0, 0, 0, 6, 89
"c:\laragon\www\bazrasi\resources\views\settings\create.blade.php", "PHP", 0, 0, 20, 0, 0, 0, 0, 0, 0, 0, 0, 0, 4, 24
"c:\laragon\www\bazrasi\resources\views\settings\datatables_actions.blade.php", "PHP", 0, 0, 5, 0, 0, 0, 0, 0, 0, 0, 0, 0, 1, 6
"c:\laragon\www\bazrasi\resources\views\settings\edit.blade.php", "PHP", 0, 0, 20, 0, 0, 0, 0, 0, 0, 0, 0, 0, 3, 23
"c:\laragon\www\bazrasi\resources\views\settings\fields.blade.php", "PHP", 0, 0, 11, 0, 0, 0, 0, 0, 0, 0, 0, 0, 4, 15
"c:\laragon\www\bazrasi\resources\views\settings\index.blade.php", "PHP", 0, 0, 21, 0, 0, 0, 0, 0, 0, 0, 0, 0, 5, 26
"c:\laragon\www\bazrasi\resources\views\settings\show.blade.php", "PHP", 0, 0, 18, 0, 0, 0, 0, 0, 0, 0, 0, 0, 2, 20
"c:\laragon\www\bazrasi\resources\views\settings\show_fields.blade.php", "PHP", 0, 0, 10, 0, 0, 0, 0, 0, 0, 0, 0, 0, 5, 15
"c:\laragon\www\bazrasi\resources\views\settings\table.blade.php", "PHP", 0, 0, 10, 0, 0, 0, 0, 0, 0, 0, 0, 0, 2, 12
"c:\laragon\www\bazrasi\resources\views\tags\create.blade.php", "PHP", 0, 0, 20, 0, 0, 0, 0, 0, 0, 0, 0, 0, 4, 24
"c:\laragon\www\bazrasi\resources\views\tags\datatables_actions.blade.php", "PHP", 0, 0, 19, 0, 0, 0, 0, 0, 0, 0, 0, 0, 1, 20
"c:\laragon\www\bazrasi\resources\views\tags\edit.blade.php", "PHP", 0, 0, 20, 0, 0, 0, 0, 0, 0, 0, 0, 0, 3, 23
"c:\laragon\www\bazrasi\resources\views\tags\fields.blade.php", "PHP", 0, 0, 26, 0, 0, 0, 0, 0, 0, 0, 0, 0, 4, 30
"c:\laragon\www\bazrasi\resources\views\tags\index.blade.php", "PHP", 0, 0, 28, 0, 0, 0, 0, 0, 0, 0, 0, 0, 5, 33
"c:\laragon\www\bazrasi\resources\views\tags\show.blade.php", "PHP", 0, 0, 108, 0, 0, 0, 0, 0, 0, 0, 0, 0, 1, 109
"c:\laragon\www\bazrasi\resources\views\tags\show_fields.blade.php", "PHP", 0, 0, 32, 0, 0, 0, 0, 0, 0, 0, 0, 0, 11, 43
"c:\laragon\www\bazrasi\resources\views\tags\table.blade.php", "PHP", 0, 0, 8, 0, 0, 0, 0, 0, 0, 0, 0, 0, 3, 11
"c:\laragon\www\bazrasi\resources\views\users\create.blade.php", "PHP", 0, 0, 14, 0, 0, 0, 0, 0, 0, 0, 0, 0, 4, 18
"c:\laragon\www\bazrasi\resources\views\users\datatables_actions.blade.php", "PHP", 0, 0, 23, 0, 0, 0, 0, 0, 0, 0, 0, 0, 1, 24
"c:\laragon\www\bazrasi\resources\views\users\edit.blade.php", "PHP", 0, 0, 14, 0, 0, 0, 0, 0, 0, 0, 0, 0, 3, 17
"c:\laragon\www\bazrasi\resources\views\users\fields.blade.php", "PHP", 0, 0, 196, 0, 0, 0, 0, 0, 0, 0, 0, 0, 14, 210
"c:\laragon\www\bazrasi\resources\views\users\index.blade.php", "PHP", 0, 0, 28, 0, 0, 0, 0, 0, 0, 0, 0, 0, 5, 33
"c:\laragon\www\bazrasi\resources\views\users\show.blade.php", "PHP", 0, 0, 158, 0, 0, 0, 0, 0, 0, 0, 0, 0, 1, 159
"c:\laragon\www\bazrasi\resources\views\users\show_fields.blade.php", "PHP", 0, 0, 45, 0, 0, 0, 0, 0, 0, 0, 0, 0, 15, 60
"c:\laragon\www\bazrasi\resources\views\users\table.blade.php", "PHP", 0, 0, 10, 0, 0, 0, 0, 0, 0, 0, 0, 0, 1, 11
"c:\laragon\www\bazrasi\resources\views\vendor\datatables\print.blade.php", "PHP", 0, 0, 37, 0, 0, 0, 0, 0, 0, 0, 0, 0, 1, 38
"c:\laragon\www\bazrasi\resources\views\vendor\flash\message.blade.php", "PHP", 0, 0, 23, 0, 0, 0, 0, 0, 0, 0, 0, 0, 4, 27
"c:\laragon\www\bazrasi\resources\views\vendor\flash\modal.blade.php", "PHP", 0, 0, 16, 0, 0, 0, 0, 0, 0, 0, 0, 0, 4, 20
"c:\laragon\www\bazrasi\resources\views\vendor\mail\html\button.blade.php", "PHP", 0, 0, 19, 0, 0, 0, 0, 0, 0, 0, 0, 0, 1, 20
"c:\laragon\www\bazrasi\resources\views\vendor\mail\html\footer.blade.php", "PHP", 0, 0, 11, 0, 0, 0, 0, 0, 0, 0, 0, 0, 1, 12
"c:\laragon\www\bazrasi\resources\views\vendor\mail\html\header.blade.php", "PHP", 0, 0, 7, 0, 0, 0, 0, 0, 0, 0, 0, 0, 1, 8
"c:\laragon\www\bazrasi\resources\views\vendor\mail\html\layout.blade.php", "PHP", 0, 0, 48, 0, 0, 0, 0, 0, 0, 0, 0, 0, 7, 55
"c:\laragon\www\bazrasi\resources\views\vendor\mail\html\message.blade.php", "PHP", 0, 0, 24, 0, 0, 0, 0, 0, 0, 0, 0, 0, 4, 28
"c:\laragon\www\bazrasi\resources\views\vendor\mail\html\panel.blade.php", "PHP", 0, 0, 13, 0, 0, 0, 0, 0, 0, 0, 0, 0, 1, 14
"c:\laragon\www\bazrasi\resources\views\vendor\mail\html\promotion.blade.php", "PHP", 0, 0, 7, 0, 0, 0, 0, 0, 0, 0, 0, 0, 1, 8
"c:\laragon\www\bazrasi\resources\views\vendor\mail\html\promotion\button.blade.php", "PHP", 0, 0, 13, 0, 0, 0, 0, 0, 0, 0, 0, 0, 1, 14
"c:\laragon\www\bazrasi\resources\views\vendor\mail\html\subcopy.blade.php", "PHP", 0, 0, 7, 0, 0, 0, 0, 0, 0, 0, 0, 0, 1, 8
"c:\laragon\www\bazrasi\resources\views\vendor\mail\html\table.blade.php", "PHP", 0, 0, 3, 0, 0, 0, 0, 0, 0, 0, 0, 0, 1, 4
"c:\laragon\www\bazrasi\resources\views\vendor\mail\html\themes\default.css", "CSS", 0, 0, 0, 234, 0, 0, 0, 0, 0, 0, 0, 11, 48, 293
"c:\laragon\www\bazrasi\resources\views\vendor\mail\text\button.blade.php", "PHP", 0, 0, 1, 0, 0, 0, 0, 0, 0, 0, 0, 0, 1, 2
"c:\laragon\www\bazrasi\resources\views\vendor\mail\text\footer.blade.php", "PHP", 0, 0, 1, 0, 0, 0, 0, 0, 0, 0, 0, 0, 1, 2
"c:\laragon\www\bazrasi\resources\views\vendor\mail\text\header.blade.php", "PHP", 0, 0, 1, 0, 0, 0, 0, 0, 0, 0, 0, 0, 1, 2
"c:\laragon\www\bazrasi\resources\views\vendor\mail\text\layout.blade.php", "PHP", 0, 0, 6, 0, 0, 0, 0, 0, 0, 0, 0, 0, 4, 10
"c:\laragon\www\bazrasi\resources\views\vendor\mail\text\message.blade.php", "PHP", 0, 0, 24, 0, 0, 0, 0, 0, 0, 0, 0, 0, 4, 28
"c:\laragon\www\bazrasi\resources\views\vendor\mail\text\panel.blade.php", "PHP", 0, 0, 1, 0, 0, 0, 0, 0, 0, 0, 0, 0, 1, 2
"c:\laragon\www\bazrasi\resources\views\vendor\mail\text\promotion.blade.php", "PHP", 0, 0, 1, 0, 0, 0, 0, 0, 0, 0, 0, 0, 1, 2
"c:\laragon\www\bazrasi\resources\views\vendor\mail\text\promotion\button.blade.php", "PHP", 0, 0, 1, 0, 0, 0, 0, 0, 0, 0, 0, 0, 1, 2
"c:\laragon\www\bazrasi\resources\views\vendor\mail\text\subcopy.blade.php", "PHP", 0, 0, 1, 0, 0, 0, 0, 0, 0, 0, 0, 0, 1, 2
"c:\laragon\www\bazrasi\resources\views\vendor\mail\text\table.blade.php", "PHP", 0, 0, 1, 0, 0, 0, 0, 0, 0, 0, 0, 0, 1, 2
"c:\laragon\www\bazrasi\resources\views\vendor\notifications\email.blade.php", "PHP", 0, 0, 56, 0, 0, 0, 0, 0, 0, 0, 0, 0, 8, 64
"c:\laragon\www\bazrasi\resources\views\vendor\pagination\bootstrap-4.blade.php", "PHP", 0, 0, 43, 0, 0, 0, 0, 0, 0, 0, 0, 0, 4, 47
"c:\laragon\www\bazrasi\resources\views\vendor\pagination\default.blade.php", "PHP", 0, 0, 43, 0, 0, 0, 0, 0, 0, 0, 0, 0, 4, 47
"c:\laragon\www\bazrasi\resources\views\vendor\pagination\semantic-ui.blade.php", "PHP", 0, 0, 33, 0, 0, 0, 0, 0, 0, 0, 0, 0, 4, 37
"c:\laragon\www\bazrasi\resources\views\vendor\pagination\simple-bootstrap-4.blade.php", "PHP", 0, 0, 26, 0, 0, 0, 0, 0, 0, 0, 0, 0, 2, 28
"c:\laragon\www\bazrasi\resources\views\vendor\pagination\simple-default.blade.php", "PHP", 0, 0, 18, 0, 0, 0, 0, 0, 0, 0, 0, 0, 2, 20
"c:\laragon\www\bazrasi\resources\views\welcome.blade.php", "PHP", 0, 0, 83, 0, 0, 0, 0, 0, 0, 0, 0, 0, 14, 97
"c:\laragon\www\bazrasi\routes\api.php", "PHP", 0, 0, 5, 0, 0, 0, 0, 0, 0, 0, 0, 10, 4, 19
"c:\laragon\www\bazrasi\routes\channels.php", "PHP", 0, 0, 4, 0, 0, 0, 0, 0, 0, 0, 0, 10, 3, 17
"c:\laragon\www\bazrasi\routes\console.php", "PHP", 0, 0, 5, 0, 0, 0, 0, 0, 0, 0, 0, 10, 4, 19
"c:\laragon\www\bazrasi\routes\web.php", "PHP", 0, 0, 37, 0, 0, 0, 0, 0, 0, 0, 0, 10, 10, 57
"c:\laragon\www\bazrasi\server.php", "PHP", 0, 0, 8, 0, 0, 0, 0, 0, 0, 0, 0, 9, 5, 22
"c:\laragon\www\bazrasi\tests\ApiTestTrait.php", "PHP", 0, 0, 27, 0, 0, 0, 0, 0, 0, 0, 0, 0, 6, 33
"c:\laragon\www\bazrasi\tests\CreatesApplication.php", "PHP", 0, 0, 12, 0, 0, 0, 0, 0, 0, 0, 0, 5, 6, 23
"c:\laragon\www\bazrasi\tests\Feature\ExampleTest.php", "PHP", 0, 0, 12, 0, 0, 0, 0, 0, 0, 0, 0, 5, 5, 22
"c:\laragon\www\bazrasi\tests\TestCase.php", "PHP", 0, 0, 7, 0, 0, 0, 0, 0, 0, 0, 0, 0, 4, 11
"c:\laragon\www\bazrasi\tests\Unit\ExampleTest.php", "PHP", 0, 0, 11, 0, 0, 0, 0, 0, 0, 0, 0, 5, 4, 20
"c:\laragon\www\bazrasi\vendor\facade\ignition\resources\compiled\ignition.js", "JavaScript", 5, 0, 0, 0, 0, 0, 0, 0, 0, 0, 0, 27, 0, 32
"c:\laragon\www\bazrasi\vendor\facade\ignition\resources\compiled\index.html", "Django HTML", 0, 12, 0, 0, 0, 0, 0, 0, 0, 0, 0, 0, 1, 13
"c:\laragon\www\bazrasi\webpack.mix.js", "JavaScript", 3, 0, 0, 0, 0, 0, 0, 0, 0, 0, 0, 11, 4, 18
"Total", "-", 32817, 12, 9555, 23353, 17, 21275, 133, 178, 5220, 2, 17, 8224, 9013, 109816